,0
0,足球
1,梁振英
2,足球
3,足球
4,梁振英
5,梁振英
6,梁振英
7,足球
8,足球
9,足球
10,足球
11,足球
12,足球
13,足球
14,足球
15,足球
16,足球
17,梁振英
18,梁振英
19,梁振英
20,美國大選
21,梁振英
22,梁振英
23,梁振英
24,美國大選
25,梁振英
26,足球
27,梁振英
28,足球
29,梁振英
30,足球
31,梁振英
32,足球
33,足球
34,足球
35,足球
36,梁振英
37,美國大選
38,足球
39,美國大選
40,足球
41,梁振英
42,足球
43,足球
44,足球
45,足球
46,足球
47,足球
48,足球
49,足球
50,足球
51,美國大選
52,足球
53,足球
54,美國大選
55,足球
56,足球
57,足球
58,足球
59,足球
60,足球
61,美國大選
62,美國大選
63,美國大選
64,美國大選
65,足球
66,足球
67,美國大選
68,足球
69,足球
70,足球
71,足球
72,足球
73,梁振英
74,足球
75,足球
76,足球
77,足球
78,足球
79,足球
80,足球
81,美國大選
82,梁振英
83,美國大選
84,美國大選
85,美國大選
86,足球
87,梁振英
88,足球
89,足球
90,足球
91,美國大選
92,梁振英
93,足球
94,足球
95,足球
96,足球
97,足球
98,足球
99,足球
100,美國大選
101,足球
102,足球
103,足球
104,足球
105,梁振英
106,足球
107,足球
108,足球
109,梁振英
110,美國大選
111,梁振英
112,足球
113,足球
114,足球
115,梁振英
116,梁振英
117,美國大選
118,美國大選
119,美國大選
120,美國大選
121,足球
122,足球
123,美國大選
124,梁振英
125,美國大選
126,梁振英
127,美國大選
128,足球
129,足球
130,足球
131,足球
132,梁振英
133,足球
134,美國大選
135,足球
136,足球
137,足球
138,足球
139,足球
140,足球
141,足球
142,美國大選
143,美國大選
144,美國大選
145,足球
146,足球
147,足球
148,梁振英
149,足球
150,足球
151,足球
152,足球
153,足球
154,足球
155,梁振英
156,足球
157,美國大選
158,足球
159,美國大選
160,足球
161,足球
162,足球
163,足球
164,梁振英
165,足球
166,足球
167,足球
168,足球
169,梁振英
170,足球
171,足球
172,足球
173,梁振英
174,美國大選
175,梁振英
176,梁振英
177,梁振英
178,梁振英
179,足球
180,足球
181,梁振英
182,梁振英
183,足球
184,美國大選
185,梁振英
186,梁振英
187,梁振英
188,足球
189,梁振英
190,梁振英
191,足球
192,足球
193,梁振英
194,足球
195,足球
196,足球
197,梁振英
198,梁振英
199,足球
200,足球
201,梁振英
202,梁振英
203,梁振英
204,梁振英
205,梁振英
206,足球
207,梁振英
208,梁振英
209,梁振英
210,美國大選
211,足球
212,美國大選
213,美國大選
214,梁振英
215,足球
216,美國大選
217,梁振英
218,足球
219,足球
220,足球
221,足球
222,梁振英
223,足球
224,足球
225,足球
226,足球
227,足球
228,美國大選
229,美國大選
230,美國大選
231,美國大選
232,足球
233,足球
234,足球
235,足球
236,梁振英
237,足球
238,足球
239,足球
240,梁振英
241,美國大選
242,梁振英
243,足球
244,足球
245,足球
246,足球
247,足球
248,足球
249,足球
250,足球
251,美國大選
252,美國大選
253,足球
254,足球
255,梁振英
256,梁振英
257,梁振英
258,梁振英
259,足球
260,足球
261,梁振英
262,梁振英
263,梁振英
264,足球
265,梁振英
266,美國大選
267,足球
268,足球
269,足球
270,足球
271,足球
272,美國大選
273,美國大選
274,足球
275,足球
276,梁振英
277,梁振英
278,足球
279,梁振英
280,足球
281,梁振英
282,足球
283,梁振英
284,梁振英
285,美國大選
286,梁振英
287,足球
288,足球
289,梁振英
290,美國大選
291,梁振英
292,足球
293,足球
294,足球
295,美國大選
296,足球
297,美國大選
298,梁振英
299,梁振英
300,梁振英
301,美國大選
302,梁振英
303,足球
304,足球
305,美國大選
306,足球
307,梁振英
308,足球
309,足球
310,足球
311,足球
312,梁振英
313,足球
314,足球
315,足球
316,足球
317,足球
318,足球
319,足球
320,足球
321,足球
322,美國大選
323,足球
324,足球
325,足球
326,足球
327,足球
328,足球
329,足球
330,足球
331,足球
332,足球
333,足球
334,足球
335,足球
336,足球
337,足球
338,梁振英
339,梁振英
340,梁振英
341,足球
342,足球
343,足球
344,足球
345,足球
346,梁振英
347,足球
348,足球
349,足球
350,足球
351,足球
352,梁振英
353,足球
354,足球
355,梁振英
356,足球
357,足球
358,美國大選
359,梁振英
360,足球
361,足球
362,梁振英
363,梁振英
364,梁振英
365,梁振英
366,足球
367,足球
368,足球
369,足球
370,足球
371,足球
372,足球
373,足球
374,梁振英
375,梁振英
376,梁振英
377,足球
378,梁振英
379,足球
380,足球
381,足球
382,梁振英
383,足球
384,足球
385,足球
386,足球
387,美國大選
388,足球
389,美國大選
390,足球
391,美國大選
392,美國大選
393,足球
394,足球
395,足球
396,足球
397,足球
398,美國大選
399,足球
400,美國大選
401,足球
402,梁振英
403,梁振英
404,足球
405,足球
406,足球
407,美國大選
408,足球
409,美國大選
410,足球
411,梁振英
412,梁振英
413,美國大選
414,足球
415,足球
416,足球
417,梁振英
418,美國大選
419,足球
420,足球
421,足球
422,美國大選
423,足球
424,足球
425,足球
426,梁振英
427,梁振英
428,足球
429,足球
430,足球
431,足球
432,足球
433,足球
434,美國大選
435,足球
436,足球
437,梁振英
438,梁振英
439,梁振英
440,梁振英
441,梁振英
442,足球
443,足球
444,足球
445,美國大選
446,梁振英
447,足球
448,梁振英
449,美國大選
450,足球
451,足球
452,美國大選
453,美國大選
454,美國大選
455,梁振英
456,足球
457,梁振英
458,美國大選
459,梁振英
460,梁振英
461,梁振英
462,美國大選
463,梁振英
464,梁振英
465,梁振英
466,美國大選
467,足球
468,足球
469,美國大選
470,梁振英
471,美國大選
472,美國大選
473,美國大選
474,梁振英
475,美國大選
476,美國大選
477,梁振英
478,美國大選
479,美國大選
480,足球
481,梁振英
482,美國大選
483,美國大選
484,足球
485,梁振英
486,美國大選
487,美國大選
488,美國大選
489,足球
490,美國大選
491,美國大選
492,足球
493,足球
494,梁振英
495,美國大選
496,美國大選
497,美國大選
498,足球
499,足球
500,足球
501,美國大選
502,足球
503,美國大選
504,足球
505,美國大選
506,梁振英
507,梁振英
508,美國大選
509,梁振英
510,梁振英
511,美國大選
512,美國大選
513,美國大選
514,梁振英
515,梁振英
516,足球
517,足球
518,梁振英
519,足球
520,美國大選
521,美國大選
522,足球
523,梁振英
524,足球
525,美國大選
526,足球
527,美國大選
528,梁振英
529,足球
530,美國大選
531,梁振英
532,美國大選
533,梁振英
534,美國大選
535,美國大選
536,足球
537,足球
538,美國大選
539,美國大選
540,美國大選
541,梁振英
542,梁振英
543,足球
544,足球
545,美國大選
546,美國大選
547,美國大選
548,美國大選
549,美國大選
550,足球
551,美國大選
552,美國大選
553,美國大選
554,美國大選
555,美國大選
556,美國大選
557,美國大選
558,美國大選
559,美國大選
560,美國大選
561,美國大選
562,美國大選
563,美國大選
564,梁振英
565,梁振英
566,美國大選
567,美國大選
568,足球
569,美國大選
570,美國大選
571,美國大選
572,美國大選
573,梁振英
574,梁振英
575,美國大選
576,美國大選
577,梁振英
578,梁振英
579,梁振英
580,美國大選
581,足球
582,足球
583,美國大選
584,足球
585,梁振英
586,足球
587,梁振英
588,梁振英
589,足球
590,美國大選
591,美國大選
592,美國大選
593,美國大選
594,美國大選
595,足球
596,美國大選
597,足球
598,梁振英
599,足球
600,美國大選
601,美國大選
602,美國大選
603,梁振英
604,梁振英
605,美國大選
606,美國大選
607,美國大選
608,梁振英
609,美國大選
610,美國大選
611,美國大選
612,美國大選
613,足球
614,梁振英
615,美國大選
616,美國大選
617,美國大選
618,美國大選
619,美國大選
620,足球
621,美國大選
622,美國大選
623,梁振英
624,足球
625,美國大選
626,美國大選
627,美國大選
628,美國大選
629,美國大選
630,足球
631,美國大選
632,美國大選
633,美國大選
634,美國大選
635,美國大選
636,美國大選
637,美國大選
638,美國大選
639,美國大選
640,美國大選
641,梁振英
642,美國大選
643,美國大選
644,美國大選
645,美國大選
646,美國大選
647,美國大選
648,美國大選
649,足球
650,美國大選
651,美國大選
652,美國大選
653,美國大選
654,美國大選
655,美國大選
656,美國大選
657,美國大選
658,美國大選
659,美國大選
660,美國大選
661,美國大選
662,足球
663,美國大選
664,足球
665,美國大選
666,足球
667,足球
668,美國大選
669,美國大選
670,足球
671,美國大選
672,美國大選
673,足球
674,梁振英
675,梁振英
676,美國大選
677,足球
678,美國大選
679,美國大選
680,足球
681,足球
682,梁振英
683,美國大選
684,足球
685,足球
686,梁振英
687,梁振英
688,足球
689,足球
690,梁振英
691,足球
692,足球
693,足球
694,足球
695,梁振英
696,梁振英
697,美國大選
698,足球
699,足球
700,足球
701,足球
702,梁振英
703,梁振英
704,梁振英
705,足球
706,足球
707,足球
708,梁振英
709,梁振英
710,梁振英
711,梁振英
712,梁振英
713,梁振英
714,梁振英
715,梁振英
716,梁振英
717,梁振英
718,美國大選
719,梁振英
720,梁振英
721,梁振英
722,梁振英
723,梁振英
724,足球
725,足球
726,梁振英
727,梁振英
728,足球
729,梁振英
730,梁振英
731,足球
732,足球
733,足球
734,梁振英
735,足球
736,美國大選
737,梁振英
738,梁振英
739,美國大選
740,足球
741,梁振英
742,足球
743,足球
744,梁振英
745,梁振英
746,足球
747,梁振英
748,梁振英
749,足球
750,足球
751,梁振英
752,足球
753,足球
754,足球
755,梁振英
756,足球
757,梁振英
758,美國大選
759,足球
760,足球
761,足球
762,足球
763,足球
764,足球
765,足球
766,足球
767,美國大選
768,美國大選
769,梁振英
770,足球
771,美國大選
772,梁振英
773,梁振英
774,足球
775,足球
776,足球
777,足球
778,足球
779,梁振英
780,梁振英
781,足球
782,足球
783,梁振英
784,足球
785,美國大選
786,足球
787,足球
788,足球
789,梁振英
790,足球
791,足球
792,足球
793,足球
794,美國大選
795,梁振英
796,足球
797,足球
798,梁振英
799,足球
800,足球
801,足球
802,足球
803,足球
804,足球
805,足球
806,梁振英
807,足球
808,足球
809,足球
810,足球
811,足球
812,足球
813,梁振英
814,足球
815,足球
816,足球
817,足球
818,足球
819,足球
820,足球
821,足球
822,足球
823,梁振英
824,足球
825,足球
826,足球
827,足球
828,足球
829,足球
830,足球
831,足球
832,梁振英
833,梁振英
834,足球
835,足球
836,足球
837,梁振英
838,足球
839,足球
840,足球
841,梁振英
842,足球
843,足球
844,足球
845,足球
846,梁振英
847,足球
848,足球
849,足球
850,足球
851,梁振英
852,足球
853,梁振英
854,梁振英
855,足球
856,足球
857,足球
858,足球
859,足球
860,足球
861,足球
862,足球
863,足球
864,足球
865,足球
866,足球
867,足球
868,足球
869,梁振英
870,足球
871,足球
872,足球
873,足球
874,足球
875,足球
876,足球
877,足球
878,足球
879,足球
880,足球
881,足球
882,足球
883,足球
884,足球
885,足球
886,足球
887,足球
888,足球
889,足球
890,足球
891,足球
892,足球
893,足球
894,足球
895,梁振英
896,梁振英
897,足球
898,梁振英
899,足球
900,足球
901,梁振英
902,足球
903,足球
904,足球
905,足球
906,足球
907,足球
908,梁振英
909,梁振英
910,足球
911,梁振英
912,足球
913,梁振英
914,梁振英
915,梁振英
916,梁振英
917,足球
918,足球
919,足球
920,足球
921,足球
922,足球
923,梁振英
924,足球
925,足球
926,足球
927,梁振英
928,足球
929,足球
930,足球
931,足球
932,足球
933,足球
934,足球
935,足球
936,梁振英
937,足球
938,足球
939,足球
940,梁振英
941,足球
942,梁振英
943,足球
944,梁振英
945,足球
946,梁振英
947,足球
948,梁振英
949,足球
950,梁振英
951,足球
952,梁振英
953,足球
954,足球
955,足球
956,梁振英
957,梁振英
958,足球
959,足球
960,梁振英
961,足球
962,足球
963,足球
964,梁振英
965,足球
966,梁振英
967,足球
968,梁振英
969,足球
970,足球
971,足球
972,足球
973,足球
